{
    "type": "minecraft:chest",
    "pools": [
      {
        "rolls": 1,
        "entries": [
          {
            "type": "minecraft:item",
            "name": "minecraft:iron_axe",
            "functions": [
              {
                "function": "minecraft:set_nbt",
                "tag": "{CanDestroy:['minecraft:oak_door']}"
              },
              {
                "function": "minecraft:set_nbt",
                "tag": "{Unbreakable:1b}"
              },
              {
                "function": "minecraft:set_name",
                "name": {
                  "text": "Iron Axe",
                  "color": "gray",
                  "bold": true,
                  "italic": false
                }
              },
              {
                "function": "minecraft:set_attributes",
                "modifiers": [
                  {
                    "attribute": "minecraft:generic.attack_damage",
                    "name": "generic.attack_damage",
                    "amount": 0.0,
                    "operation": "multiply_total",
                    "slot": "mainhand"
                  }
                ]
              }
            ]
          }
        ]
      }
    ]
  }