{
    "type": "minecraft:chest",
    "pools": [
      {
        "rolls": 1,
        "entries": [
          {
            "type": "minecraft:item",
            "name": "minecraft:brick",
            "functions": [
              {
                "function": "minecraft:set_nbt",
                "tag": "{CanDestroy:['minecraft:glass_pane']}"
              },
              {
                "function": "minecraft:set_nbt",
                "tag": "{Unbreakable:1b}"
              },
              {
                "function": "minecraft:set_name",
                "name": {
                  "text": "Brick",
                  "color": "red",
                  "bold": true,
                  "italic": false
                }
              }
            ]
          }
        ]
      }
    ]
  }