{
    "type": "minecraft:chest",
    "pools": [
      {
        "rolls": 1,
        "entries": [
          {
            "type": "minecraft:item",
            "name": "minecraft:iron_axe",
            "PickupDelay": 32767,
            "functions": [
              {
                "function": "minecraft:set_nbt",
                "tag": "{CanDestroy:['minecraft:oak_door']}"
              },
              {
                "function": "minecraft:set_nbt",
                "tag": "{PickupDelay:32767}"
              },
              {
                "function": "minecraft:set_nbt",
                "tag": "{Tag:'escape_item'}" 
              }
            ]
          },
          {
            "type": "minecraft:item",
            "name": "minecraft:brick",
            "functions": [
              {
                "function": "minecraft:set_nbt",
                "tag": "{CanDestroy:['minecraft:glass_pane']}"
              },
              {
                "function": "minecraft:set_nbt",
                "tag": "{PickupDelay:32767}"
              },
              {
                "function": "minecraft:set_nbt",
                "tag": "{Tag:'escape_item'}" 
              }
            ]
          }
        ]
      }
    ]
  }